found_name,correct_name
AMERICAN AIRLINES INC.,AMERICAN AIRLINES
ANHEUSER BUSCH,ANHEUSER-BUSCH
ANHEUSER BUSCH CREDIT UNION,ANHEUSER-BUSCH
ANHEUSER BUSCH EMPLOYEES CREDIT UNION,ANHEUSER-BUSCH
ANHEUSER BUSCH LLC,ANHEUSER-BUSCH
ANHEUSER BUSH,ANHEUSER-BUSCH
ANHEUSER-BUSCH,ANHEUSER-BUSCH
ANHEUSER-BUSCH COMPANIES,ANHEUSER-BUSCH
ANHEUSER-BUSCH COS. INC,ANHEUSER-BUSCH
ANHEUSER-BUSCH INBEV,ANHEUSER-BUSCH
ANHEUSER-BUSCH INC.,ANHEUSER-BUSCH
ANHEUSER-BUSCH LLC,ANHEUSER-BUSCH
"ANHEUSER-BUSCH, INC",ANHEUSER-BUSCH
ANHEUSESR-BUSCH INBEV,ANHEUSER-BUSCH
AT &T,AT&T
AT&T ADVERTISING SOLUTIONS,AT&T
AT&T INC,AT&T
"AT&T SERVICES, INC.",AT&T
ATT,AT&T
BANK OF AMERICA HOME LOANS,BANK OF AMERICA
BARNES-JEWISH HOSP,BARNES-JEWISH HOSPITAL
BARNES-JEWISH WEST COUNTY HOSPITAL,BARNES-JEWISH HOSPITAL
BJC,BJC HEALTHCARE
BJC BEHAVIORAL HEALTH,BJC HEALTHCARE
BJC HEALTH CARE,BJC HEALTHCARE
BJC HEALTH SYSTEM,BJC HEALTHCARE
BJC MEDICAL GROUP,BJC HEALTHCARE
BJC/BARNES JEWISH HOSPITAL,BJC HEALTHCARE
BOEING - RETIRED,RETIRED
BOEING - ST. LOUIS,BOEING
BOEING (RETIRED),RETIRED
BOEING AEROSPACE,BOEING
BOEING AIRCRAFT,BOEING
BOEING CO.,BOEING
BOMMARITO A,BOMMARITO AUTOMOTIVE GROUP
BOMMARITO NISSAN HONDA,BOMMARITO AUTOMOTIVE GROUP
BOMMARITO NISSAN/FORD,BOMMARITO AUTOMOTIVE GROUP
BRIAN CAVE L.L.P.,BRYAN CAVE LLP
BRYAN CANE L.L.P.,BRYAN CAVE LLP
BRYAN CAVE,BRYAN CAVE LLP
BRYAN CAVE L.L.C.,BRYAN CAVE LLP
BRYAN CAVE L.L.P,BRYAN CAVE LLP
BRYAN CAVE L.L.P.,BRYAN CAVE LLP
BRYAN CAVE LLP,BRYAN CAVE LLP
BRYAN CAVE LLP /SELF-EMPLOYED,BRYAN CAVE LLP
"BRYAN CAVE, LLP",BRYAN CAVE LLP
BRYAN COVE,BRYAN CAVE LLP
BURNEL & MCDONNELL,BURNS & MCDONNELL
BURNS & MCDONNEL,BURNS & MCDONNELL
BURNS AND MCDONNELL,BURNS & MCDONNELL
BURNS C MCDONNELL,BURNS & MCDONNELL
BURNS C. MCDONNELL,BURNS & MCDONNELL
CARDINAL GLEENE HOSPITAL,CARDINAL GLENNON HOSPITAL
CARDINAL GLENNON,CARDINAL GLENNON HOSPITAL
CARDINAL GLENNON CHILDREN'S HOSPITAL,CARDINAL GLENNON HOSPITAL
CARDINAL GLENNON CHILDREN'S MED CTR,CARDINAL GLENNON HOSPITAL
CARDINAL GLENNON CHILDREN'S MEDICAL CE,CARDINAL GLENNON HOSPITAL
CARDINAL HEALTH,CARDINAL GLENNON HOSPITAL
CC I,CCI
CERNER,CERNER CORPORATION
CERNER CORP,CERNER CORPORATION
CERNER CORP.,CERNER CORPORATION
CHARTER COMMUNICATIONS INC.,CHARTER COMMUNICATIONS
CHILDREN'S MERCY FAMILY,CHILDREN'S MERCY HOSPITAL
CHILDRENS MERCY HOSPITAL,CHILDREN'S MERCY HOSPITAL
CHILDREN'S MERCY HOSPITALS & CLINICS,CHILDREN'S MERCY HOSPITAL
CHILDREN'S MERCY HOSPITALS AND CLINICS,CHILDREN'S MERCY HOSPITAL
CHILDRENS'S MERCY HOSPITAL,CHILDREN'S MERCY HOSPITAL
CISCO,CISCO SYSTEMS
CITY OF KANSAS CITY,"CITY OF KANSAS CITY, MISSOURI"
CITY OF KANSAS CITY MISSOURI,"CITY OF KANSAS CITY, MISSOURI"
"CITY OF KANSAS CITY, MO","CITY OF KANSAS CITY, MISSOURI"
CITY OF KCMA,"CITY OF KANSAS CITY, MISSOURI"
CITY OF KCMO,"CITY OF KANSAS CITY, MISSOURI"
CITY OF KCMO/KANSAS CITY POWER & LIGHT,"CITY OF KANSAS CITY, MISSOURI"
CITY OF KS,"CITY OF KANSAS CITY, MISSOURI"
CITY OF LIBERTY,"CITY OF LIBERTY, MISSOURI"
CITY OF ST. LOUIS FAMILY COURT,CITY OF ST. LOUIS
COLDWELL BANKER ALL AMERICAN REALTY,COLDWELL BANKER
COLDWELL BANKER COMMERCIAL GP,COLDWELL BANKER
COLDWELL BANKER GUNDAKER,COLDWELL BANKER
CONTINENTAL DATA GRAPHICS,CONTINENTAL DATAGRAPHICS
"CONTROL SERVICE COMPANY, INC","CONTROL SERVICE COMPANY, INC."
COOPERATIN SCHOOL DISTRICTS,COOPERATING SCHOOL DISTRICTS
COOPERATING SCHOOL DISTRICTS OF GREATE,COOPERATING SCHOOL DISTRICTS
COVENTARY HEALTH CARE KS,COVENTRY HEALTH CARE
COVENTRY,COVENTRY HEALTH CARE
COVENTRY HEALTHCARE,COVENTRY HEALTH CARE
COVIDIEN INC.,COVIDIEN
COX HEALTH SYSTEM,COX HEALTH
COX HEALTH SYSTEMS,COX HEALTH
COX HFALK,COX HEALTH
COXHEALTH,COX HEALTH
DELOITTE CONSULTING,DELOITTE
DELTA AIR LINES,DELTA AIRLINES
DEPARTMENT OF DEFENCE,STATE OF MISSOURI
DEPARTMENT OF DEFENSE,STATE OF MISSOURI
DEPARTMENT OF HOMELAND SECURITY,STATE OF MISSOURI
DEPARTMENT OF HOMELAND SECURITY USCIS,STATE OF MISSOURI
DEPARTMENT OF INTERIOR,STATE OF MISSOURI
DEPARTMENT OF JUSTICE,STATE OF MISSOURI
DEPARTMENT OF MENTAL HEALTH,STATE OF MISSOURI
DEPARTMENT OF THE ARMY,STATE OF MISSOURI
DEPARTMENT OF VETERAN'S AFFAIRS,STATE OF MISSOURI
DEPARTMENT-TREASURY,STATE OF MISSOURI
"DEPT OF DEFENSE/FT LEONARD WOOD, MO",STATE OF MISSOURI
DEPT OF HOMELAND SECURITY,STATE OF MISSOURI
DEPT OF SOCIAL SERVICES,STATE OF MISSOURI
"DEPT OF TREASURY, CHIEF COUNSEL IRS",STATE OF MISSOURI
DEPT OF VA,STATE OF MISSOURI
DEPT OF VETERANS AFF,STATE OF MISSOURI
DEPT OF VETERANS AFFAIRS,STATE OF MISSOURI
DEPT OF VETERAN'S AFFAIRS,STATE OF MISSOURI
DEPT. OF DEFENSE,STATE OF MISSOURI
DEPT. OF HOMELAND SECURITY,STATE OF MISSOURI
DEPT. OF THE ARMY,STATE OF MISSOURI
DEPT. OF UAF,STATE OF MISSOURI
DEPT. OF VETERAN AFFAIRS,STATE OF MISSOURI
DEPT. OF VETERANS AFFAIRS,STATE OF MISSOURI
DOWD & DOWD,"DOWD & DOWD, P.C."
DOWD & DOWD P.C.,"DOWD & DOWD, P.C."
DOWD & DOWD PC,"DOWD & DOWD, P.C."
"DOWD & DOWD, PC","DOWD & DOWD, P.C."
DOWD AND DOWD PC,"DOWD & DOWD, P.C."
EDWARD D. JONES & CO.,EDWARD JONES
EDWARD D. JONES & COMPANY,EDWARD JONES
EDWARD JONES INVESTMENTS,EDWARD JONES
"EL DORADO ARCHITECTS, INC.",EL DORADO INC. ARCHITECTS
EMERSON ELECTRIC,EMERSON
EMERSON ELECTRIC CO.,EMERSON
EMERSON ELECTRIC COMPANY,EMERSON
ENTERPRISE HOLDINGS FOUNDATION,ENTERPRISE HOLDINGS
ENTERPRISE HOLDINGS INC,ENTERPRISE HOLDINGS
ENTERPRISE HOLDINGS INC.,ENTERPRISE HOLDINGS
"ENTERPRISE HOLDINGS, INC",ENTERPRISE HOLDINGS
"ENTERPRISE HOLDINGS, INC.",ENTERPRISE HOLDINGS
ENTERPRISES HOLDINGS,ENTERPRISE HOLDINGS
ENTERPRISES HOLDINGS INC.,ENTERPRISE HOLDINGS
ERNST & YOUNG,ERNST &YOUNG
ERNST & YOUNG LLP,ERNST &YOUNG
ERNST AND YOUNG,ERNST &YOUNG
ERNST AND YOUNG LLP,ERNST &YOUNG
ESSE HEALTH,ESSEHEALTH
ESSEHEALTH D/B/A AMGI,ESSEHEALTH
ESTE HEALTH,ESSEHEALTH
EXPRESS SCRIPTS,EXPRESS-SCRIPTS
EXPRESS SCRIPTS INC.,EXPRESS-SCRIPTS
"EXPRESS SCRIPTS, INC.",EXPRESS-SCRIPTS
EXPRESS-SCRIPTS INC.,EXPRESS-SCRIPTS
"EXPRESS-SCRIPTS, INC.",EXPRESS-SCRIPTS
FAA,FEDERAL AVIATION ADMINISTRATION
FAA/DOT,FEDERAL AVIATION ADMINISTRATION
FED AVIATIO ADMIN,FEDERAL AVIATION ADMINISTRATION
FED EX,FEDEX
FEDERAL GOVERNMENT DOJ,FEDERAL GOVERNMENT
FEDERAL PUBLIC DEFENDER,FEDERAL PUBLIC DEFENDERS
FEDERAL RESERVE,FEDERAL RESERVE BANK
FEDERAL RESERVE BANK,FEDERAL RESERVE BANK
FEDERAL RESERVE BANK OF ST. LOUIS,FEDERAL RESERVE BANK
FEDERAL RESERVE BANK OF STL,FEDERAL RESERVE BANK
FEDEX OFFICE,FEDEX
FORD,FORD MOTOR COMPANY
FORD MOTOR,FORD MOTOR COMPANY
FORD MOTOR CO,FORD MOTOR COMPANY
FORD MOTOR CO.,FORD MOTOR COMPANY
FORD MOTOR/RETIRED,RETIRED
GE,GENERAL ELECTRIC
GENERAL ELECTRIC INC.,GENERAL ELECTRIC
GENERAL MOTORS COMPANY,GENERAL MOTORS
GM,GENERAL MOTORS
GM FAIRFAX PLANT,GENERAL MOTORS
"GM RANCHES, LLC",GENERAL MOTORS
GM WENTZVILLE,GENERAL MOTORS
GRAYBAR,GRAYBAR ELECTRIC
GRAYBAR E,GRAYBAR ELECTRIC
GRAYBAR ELECTRIC CO. INC.,GRAYBAR ELECTRIC
GRAYBAR ELECTRIC COMPANY INC.,GRAYBAR ELECTRIC
GREENSFELDER,"GREENSFELDER, HEMKER AND GALE"
GREENSFELDER HEMKER & GALE,"GREENSFELDER, HEMKER AND GALE"
GREENSFELDER HEMKER & GALE P.C.,"GREENSFELDER, HEMKER AND GALE"
GREENSFELDER HEMKER & GALE PC,"GREENSFELDER, HEMKER AND GALE"
"GREENSFELDER, HEMKER & GALE","GREENSFELDER, HEMKER AND GALE"
"GREENSFELDER, HEMKER & GALE, PC","GREENSFELDER, HEMKER AND GALE"
"GREENSFELDER, HEMKER AND GALE, P.C.","GREENSFELDER, HEMKER AND GALE"
"GREENSFELDER, HEMKER AND GALE, PC","GREENSFELDER, HEMKER AND GALE"
GREENSFELDER. HEMKER & GALE,"GREENSFELDER, HEMKER AND GALE"
GREENSFELDERKOMALLEY,"GREENSFELDER, HEMKER AND GALE"
GSL DEVELOPMENTAL CENTER,GSL DEVELOPMENTAL CENTER
GSL DEVELOPMENTAL CENTER  INC,GSL DEVELOPMENTAL CENTER
"GSL DEVELOPMENTAL CENTER, INC",GSL DEVELOPMENTAL CENTER
"GSL DEVELOPMENTAL CENTER, INC.",GSL DEVELOPMENTAL CENTER
GUARANTEE ELECTRIC,GUARANTEE ELECTRICAL CO.
GUARANTEE ELECTRICAL,GUARANTEE ELECTRICAL CO.
GUARANTEE ELECTRICAL COMPANY,GUARANTEE ELECTRICAL CO.
GUNTER PEST MANAGEMENT INC,GUNTER PEST MANAGEMENT INC.
HALLMARK,HALLMARK CARDS
HALLMARK CARDS INC,HALLMARK CARDS
"HALLMARK CARDS, INC",HALLMARK CARDS
"HALLMARK CARDS, INC.",HALLMARK CARDS
"HALLMARK CARDS, INCORPORATED",HALLMARK CARDS
HEARTLAND TECHNOLOGY PARTNERS  LLC,"HEARTLAND TECHNOLOGY PARTNERS,LLC"
HEWLETT PACKARD,HP
HEWLETT-PACKARD,HP
HOME,HOME DEPOT
HOME-DEPOT,HOME DEPOT
HOMEMAKER  VOLUNTEER,HOMEMAKER
HOMEMAKER -- VOLUNTEER,HOMEMAKER
HOMEMAKER/LAWYER,HOMEMAKER
HONEYWELL FM&T,HONEYWELL
HONEYWELL INTERNATIONAL,HONEYWELL
HUSCH BECHWELL L.L.P.,HUSCH BLACKWELL LLP
HUSCH BLACKWELL,HUSCH BLACKWELL LLP
HUSCH BLACKWELL L.L.P.,HUSCH BLACKWELL LLP
HUSCH BLACKWELL LLC,HUSCH BLACKWELL LLP
HUSCH BLACKWELL LLC.,HUSCH BLACKWELL LLP
HUSCH BLACKWELL SANDERS,HUSCH BLACKWELL LLP
HUSCH BLACKWELL SANDERS LLP,HUSCH BLACKWELL LLP
IBM CORPORATION,IBM
IBM GLOBAL TECHNOLOGY SERVICES,IBM
IBM- RETIRED,RETIRED
INFORMATION REQUESTED (BEST EFFORTS),INFORMATION REQUESTED PER BEST EFFORTS
INTERNAL REVENUE SERVICE,IRS
KONE,KONE CORPORATION
KONE ELEVATORS,KONE CORPORATION
"KONE, INC",KONE CORPORATION
LATHROP & GAGE,LATHROP & GAGE LLP
LATHROP & GAGE L.L.P.,LATHROP & GAGE LLP
MAGELLAN,MAGELLAN HEALTH SERVICES
MAGELLAN HEALTH,MAGELLAN HEALTH SERVICES
MARITZ,MARITZ INC.
MARITZ HOLDINGS INC.,MARITZ INC.
MARITZ INC,MARITZ INC.
MARITZ TRAVEL,MARITZ INC.
MARITZ TRAVEL CO,MARITZ INC.
MARITZ TRAVEL CO..,MARITZ INC.
"MARITZ, INC",MARITZ INC.
MARYVILLE UNIVERSITY,MARYVILLE UNIVERSITY OF SAINT LOUIS
MARYVILLE UNIVERSITY IN ST. L. OUIS,MARYVILLE UNIVERSITY OF SAINT LOUIS
"MARYVILLE UNIVERSITY, ST. LOUIS",MARYVILLE UNIVERSITY OF SAINT LOUIS
MASTERCARD INTERNATIONAL,MASTERCARD WORLDWIDE
MERCY,MERCY CLINIC
MERCY - JOPLIN,MERCY CLINIC
MERCY CLINIC JOPLIN,MERCY CLINIC
MERCY CLINIC PEDIATRICS WHITE SIDE,MERCY CLINIC
MERCY CLINIC SPRINGFIELD,MERCY CLINIC
MERCY CLINICS,MERCY CLINIC
MERCY CORPS,MERCY CLINIC
MERCY EAST HOSPITAL,MERCY CLINIC
MERCY HEALTH,MERCY CLINIC
"MERCY HEALTH SERVICES, LLC",MERCY CLINIC
MERCY HEALTH SYSTEM,MERCY CLINIC
MERCY HEALTH SYSTEMS,MERCY CLINIC
MERCY HEALTH/MTS,MERCY CLINIC
MERCY HOSP,MERCY CLINIC
MERCY HOSPITAL,MERCY CLINIC
MERCY HOSPITAL SPRINGFIELD MO,MERCY CLINIC
MERCY HOSPITAL WASHINGTON,MERCY CLINIC
MERCY MEDICAL CENTER,MERCY CLINIC
MERCY MEDICAL GROUP,MERCY CLINIC
MERCY MEDICAL HOSPITAL,MERCY CLINIC
MERCY PHYSICIANS AND CLINICS,MERCY CLINIC
MERCY SPRINGFIELD,MERCY CLINIC
MERCY ST JOHN'S,MERCY CLINIC
MERCY ST. JOHNS CLINICS,MERCY CLINIC
METROPOLITAN COMMUNITY  COLLEGE-PENN V,METROPOLITAN COMMUNITY COLLEGE
METROPOLITAN COMMUNITY COLLEGE-PENN V,METROPOLITAN COMMUNITY COLLEGE
METROPOLITAN COMMUNITY COLLEGES,METROPOLITAN COMMUNITY COLLEGE
METROPOLITIAN CC,METROPOLITAN COMMUNITY COLLEGE
MISSOURI ATTORNEY GENERAL'S OFFICE,MISSOURI ATTORNEY GENERAL
MISSOURI DEPARTMENT OF CORRECTIONS,STATE OF MISSOURI
MISSOURI DEPARTMENT OF LABOR,STATE OF MISSOURI
MISSOURI DEPARTMENT OF MENTAL HEALT,STATE OF MISSOURI
MISSOURI DEPARTMENT OF MENTAL HEALTH,STATE OF MISSOURI
MISSOURI DEPARTMENT OF NATURAL RESOURC,STATE OF MISSOURI
MISSOURI DEPARTMENT OF PUBLIC SAFETY,STATE OF MISSOURI
MISSOURI DEPT OF AGRICULTURE,STATE OF MISSOURI
MISSOURI DEPT OF CONSERVA,STATE OF MISSOURI
MISSOURI DEPT OF LABOR,STATE OF MISSOURI
MISSOURI DEPT. OF MENTAL HEALTH,STATE OF MISSOURI
MISSOURI DEPT. OF TRANSPORTATION,STATE OF MISSOURI
MISSOURI SOUTHER STATE UNIVERSITY,MISSOURI SOUTHERN STATE UNIVERSITY
MISSOURI SOUTHERN ST. UNIV.,MISSOURI SOUTHERN STATE UNIVERSITY
MISSOURI SOUTHERN STATE UNIV,MISSOURI SOUTHERN STATE UNIVERSITY
MISSOURI SOUTHERN STATE UNIVERSITY,MISSOURI SOUTHERN STATE UNIVERSITY
MISSOURI STATE UNIVE,MISSOURI STATE UNIVERSITY
MISSOURI STATE UNVIERSITY,MISSOURI STATE UNIVERSITY
MISSOURI UNIV. OF SCIENCE & TECHN,MISSOURI UNIVERSITY OF SCIENCE AND TEC
MISSOURI UNIV. OF SCIENCE & TECHNOLOGY,MISSOURI UNIVERSITY OF SCIENCE AND TEC
MISSOURI UNIV. SCI & TECH,MISSOURI UNIVERSITY OF SCIENCE AND TEC
MISSOURI UNIV. SCI. -- TECH,MISSOURI UNIVERSITY OF SCIENCE AND TEC
MISSOURI UNIVERSITY OF SCIENCE  TECHN,MISSOURI UNIVERSITY OF SCIENCE AND TEC
MISSOURI UNIVERSITY OF SCIENCE & TECHN,MISSOURI UNIVERSITY OF SCIENCE AND TEC
MISSOURI UNIVERSITY OF SCIENCE AND,MISSOURI UNIVERSITY OF SCIENCE AND TEC
MISSOURI UNIVERSITY OF SCIENCE TECHN,MISSOURI UNIVERSITY OF SCIENCE AND TEC
MO. SOUTHERN ST. U.,MISSOURI SOUTHERN STATE UNIVERSITY
MO. SOUTHERN ST. UNIV.,MISSOURI SOUTHERN STATE UNIVERSITY
MO. STATE UNIVERITY,MISSOURI STATE UNIVERSITY
MONSANDO CO,MONSANTO COMPANY
MONSANTO,MONSANTO COMPANY
MONSANTO CO,MONSANTO COMPANY
MONSANTO CO.,MONSANTO COMPANY
MONSATO CO.,MONSANTO COMPANY
MONSONTO,MONSANTO COMPANY
MONSSANT CO,MONSANTO COMPANY
N//A,N/A
NA,N/A
NATIONAL GEOSPATIAL-INTELLIGENCE AGENC,NATIONAL GEOSPATIAL INTELLIGENCE AGENC
NATIONAL GEOSPATIAL-INTELLIGENCE AGENT,NATIONAL GEOSPATIAL INTELLIGENCE AGENC
NATIONAL GEOSPATIAL-INTELLLIGENCE AGEN,NATIONAL GEOSPATIAL INTELLIGENCE AGENC
NESTLE,NESTLE PURINA
NESTLE PURINA PET,NESTLE PURINA
NESTLE PURINA PETCARE,NESTLE PURINA
NESTLE PURINA PETCARE CO,NESTLE PURINA
NESTLE PURINA PETCARE CO.,NESTLE PURINA
NESTLE PURINA PETCARE COMPANY,NESTLE PURINA
NESTLE/PURINA,NESTLE PURINA
NORTHWEST MISSOURI STATE  UNIVERSITY,MISSOURI STATE UNIVERSITY
NOT EMPLOYED BUT WANT TO BE,NOT EMPLOYED
NOT WORKING RIGHT NOW,NOT EMPLOYED
NOT-APPLICABLE,N/A
NOT-EMPLOYED,NOT EMPLOYED
OBVIOUS SYSTEMS LLC,OBVIOUS SYSTEMS LLC.
"PARAGON BUSINESS SOLUTIONS, INC.",PARAGON BUSINESS SOLUTIONS
PARKWAY SCHOOL DIST,PARKWAY SCHOOL DISTRICT
PARKWAY SCHOOL DISTRICT - CHESTERFIELD,PARKWAY SCHOOL DISTRICT
PARKWAY SCHOOLD DISTRICT,PARKWAY SCHOOL DISTRICT
PARKWAY SCHOOLS,PARKWAY SCHOOL DISTRICT
PCRMC,PCRMC MEDICAL GROUP
PCRMC-BOND CLINIC INC.,PCRMC MEDICAL GROUP
PEABODY ENERGY COMPANY,PEABODY ENERGY
PEABODY ENERGY CORPORATION,PEABODY ENERGY
PFIZER INC.,PFIZER
PFIZER PHARMACEUTICAL COMPANY,PFIZER
"PFIZER, INC.",PFIZER
PRICE WATER HOUSE COOPERS L.L.P.,PRICEWATER HOUSE COOPERS LLP
PRICEWATER HOUSE COOPERS L.L.P,PRICEWATER HOUSE COOPERS LLP
PRICEWATERHOUSE COOPERS,PRICEWATER HOUSE COOPERS LLP
PRICEWATERHOUSECOOPERS,PRICEWATER HOUSE COOPERS LLP
PRIMCE INC.,PRIME INC.
PRIME,PRIME INC.
PRIME INC,PRIME INC.
PWC,PRICEWATER HOUSE COOPERS LLP
RETIRED   (DON'T FORGET TO SEND ME THE,RETIRED
RETIRED -- UMKC,RETIRED
RETIRED (BOEING),RETIRED
RETIRED .,RETIRED
RETIRED ARMY OFFICERS,RETIRED
RETIRED AT&T,RETIRED
RETIRED ATTORNEY,RETIRED
RETIRED COMBAT LEADER,RETIRED
RETIRED DENTIST,RETIRED
RETIRED EDUCATOR,RETIRED
RETIRED FEDERAL EMPLOYEE,RETIRED
RETIRED FROM FEDERAL SERVICE,RETIRED
RETIRED FROM IRS,RETIRED
RETIRED FROM MO. DEPT. OF MENTAL HEALT,RETIRED
RETIRED GM,RETIRED
RETIRED HIGH SCHOOL TEACHER R-7,RETIRED
RETIRED JEWELRY DESIGNER,RETIRED
RETIRED MASTERCARD EXECUTIVE,RETIRED
RETIRED NAVAL OFFICER,RETIRED
RETIRED NURSE,RETIRED
RETIRED TEACHER,RETIRED
RETIRED TEACHER OF THE DEAF,RETIRED
RETIRED UNITED AIRLLINES,RETIRED
RETIRED US ARMY,RETIRED
RETIRED USGS,RETIRED
RETIRED USPS,RETIRED
"RETIRED, GENERAL DYNAMICS",RETIRED
"RETIRED, GENERAL MOTORS",RETIRED
"RETIRED, US ARMY",RETIRED
"RETIRED, USPS",RETIRED
RETIRED:US DEPT OF ED,RETIRED
RETIRED-EDUCATOR,RETIRED
RGA,RGA REINSURANCE COMPANY
RGA REINSURANCE CO.,RGA REINSURANCE COMPANY
"RX OUTREACH, INC.",RX OUTREACH
SAINT LOUIS CHILDREN'S HOSPITAL,ST. LOUIS CHILDREN'S HOSPITAL
SAINT LOUIS COMMUNITY COLLEGE,ST. LOUIS COMMUNITY COLLEGE
SAINT LOUIS PUBLIC SCHOOLS,ST. LOUIS PUBLIC SCHOOLS
SAINT LOUIS UNIV SCHOOL OF PUBLIC HEAL,SAINT LOUIS UNIVERSITY
SAINT LOUIS UNIVERSI,SAINT LOUIS UNIVERSITY
SAINT LOUIS UNIVERSITY HOSPITAL,SAINT LOUIS UNIVERSITY
SAINT LOUIS UNIVERSITY MEDICAL CENTER,SAINT LOUIS UNIVERSITY
SAINT LOUIS UNIVERSITY SCHOOL OF LAW,SAINT LOUIS UNIVERSITY
SAINT LOUIS UNIVERSITY SCHOOL OF MEDIC,SAINT LOUIS UNIVERSITY
SAINT LOUIS UNIVERSITY SCHOOL OF NURSI,SAINT LOUIS UNIVERSITY
"SCHOOL DISTRICT OF UNIVERSITY CITY, MI",SCHOOL DIST. OF UNIVERSITY CITY
SEARS HOLDINGS CORP.,SEARS
SEL,SELF-EMPLOYED
SELF,SELF-EMPLOYED
SELF - BARB RAND,SELF-EMPLOYED
SELF - BELTON ANIMAL CLINIC AND EXOTIC,SELF-EMPLOYED
SELF - PHYSICIAN RECUITER,SELF-EMPLOYED
SELF - RIESER FAMILY DENTAL LLC,SELF-EMPLOYED
SELF - WWWKCWEEDCOM,SELF-EMPLOYED
SELF & IL ARMY NATIONAL GUARD,SELF-EMPLOYED
SELF 45 YEARS,SELF-EMPLOYED
SELF DBA RE/MAX,SELF-EMPLOYED
SELF EMP.,SELF-EMPLOYED
SELF EMPLOYED,SELF-EMPLOYED
SELF EMPLOYED  GREEN DESIGN/BUILD,SELF-EMPLOYED
SELF EMPLOYED -- GREEN DESIGN/BUILD,SELF-EMPLOYED
SELF EMPLOYED - RENTAL PROPERTY,SELF-EMPLOYED
SELF EMPLOYED - RFT ROADE FREIGHT TRAN,SELF-EMPLOYED
SELF EMPLOYED (HERMAN JOHNSON LLC),SELF-EMPLOYED
SELF EMPLOYED (SMALL BUSINESS OWNER),SELF-EMPLOYED
SELF EMPLOYED AGENT,SELF-EMPLOYED
SELF EMPLOYED AT FRED SPARKS,SELF-EMPLOYED
SELF EMPLOYED: CO-OWNER INTEGRITY ATHL,SELF-EMPLOYED
SELF EMPLOYEED,SELF-EMPLOYED
SELF EMPOLYED,SELF-EMPLOYED
SELF GREENFIELD DENTAL,SELF-EMPLOYED
SELF MAIN STREET BOOKS,SELF-EMPLOYED
SELF-- PRIVATE PRACTICE,SELF-EMPLOYED
SELF- WILDWOD DANCE & ARTS,SELF-EMPLOYED
"SELF, C./O. THE MAUNE CO.MPAMY",SELF-EMPLOYED
SELF/SURGEON,SELF-EMPLOYED
SELF; KU MEDICAL CENTER,SELF-EMPLOYED
SELF-EMPLOYED - REAL ESTATE,SELF-EMPLOYED
SELF-EMPLOYED - SEVEN GROUP PROPERTIES,SELF-EMPLOYED
SELF-EMPLOYED (DBA BRIMSON LABORATORIE,SELF-EMPLOYED
SELF-EMPLOYED (RETIRED),SELF-EMPLOYED
SELF-EMPLOYED D.,SELF-EMPLOYED
SELF-EMPLOYED PRIVATE PRACTICE,SELF-EMPLOYED
"SELF-EMPLOYED, REAL ESTATE",SELF-EMPLOYED
SELF-EMPLOYED/PSYCHOLOGICAL NETWORK,SELF-EMPLOYED
SELF-EMPLOYED/RETIRED,SELF-EMPLOYED
SELF-EMPLOYED/THE POLISHED EDGE FINE J,SELF-EMPLOYED
SELF-EMPLOYEED,SELF-EMPLOYED
SELF-EMPOLYED,SELF-EMPLOYED
SELF-NONE,SELF-EMPLOYED
SELF-PROPRIETOR,SELF-EMPLOYED
SOCIAL SECURITY,SOCIAL SECURITY ADMINISTRATION
SOCIAL SECURITY ADM,SOCIAL SECURITY ADMINISTRATION
SOCIAL SECURITY ADM.,SOCIAL SECURITY ADMINISTRATION
SOCIAL SECURITY ADMIN,SOCIAL SECURITY ADMINISTRATION
SOCIAL SECURITY ADMIN.,SOCIAL SECURITY ADMINISTRATION
SOCIAL SECURITY ADMINISTRATOR,SOCIAL SECURITY ADMINISTRATION
SOCIAL SECURITY DISABILITY,SOCIAL SECURITY ADMINISTRATION
SOUTHEAST MISSOURI STATE UNIV.,MISSOURI STATE UNIVERSITY
SOUTHEAST MO STATE UNIVERSITY,MISSOURI STATE UNIVERSITY
SPECIAL SCHOOL DIST ST.,SPECIAL SCHOOL DISTRICT OF ST. LOUIS
SPECIAL SCHOOL DIST. OF ST,SPECIAL SCHOOL DISTRICT OF ST. LOUIS
SPECIAL SCHOOL DISTRCT,SPECIAL SCHOOL DISTRICT OF ST. LOUIS
SPECIAL SCHOOL DISTRIC OF ST. LOUIS CO,SPECIAL SCHOOL DISTRICT OF ST. LOUIS
SPECIAL SCHOOL DISTRICT,SPECIAL SCHOOL DISTRICT OF ST. LOUIS
SPECIAL SCHOOL DISTRICT - ST. LOUIS CO,SPECIAL SCHOOL DISTRICT OF ST. LOUIS
SPECIAL SCHOOL DISTRICT OF ST. LOUIS C,SPECIAL SCHOOL DISTRICT OF ST. LOUIS
SPRINT,SPRINT NEXTEL
SPRINT NEXTEL CORP.,SPRINT NEXTEL
SPRINT TELECOMMUNICATIONS,SPRINT NEXTEL
SPRINT-NEXTEL,SPRINT NEXTEL
SSM,SSM MEDICAL GROUP
SSM CANCER CARE,SSM MEDICAL GROUP
SSM CARDINAL GLENNON CHILDRENS HEALTH,SSM MEDICAL GROUP
SSM DEPAUL HEALTH CENTER,SSM MEDICAL GROUP
SSM GLENNONCARE PEDIATRICS,SSM MEDICAL GROUP
SSM HEALTH CARE,SSM MEDICAL GROUP
SSM HEALTHCARE,SSM MEDICAL GROUP
SSM HEALTHCARE ST. LOUIS,SSM MEDICAL GROUP
SSM HOSPICE,SSM MEDICAL GROUP
SSM NEUROSCIENCE,SSM MEDICAL GROUP
SSM REHAB.,SSM MEDICAL GROUP
SSM ST. MARY'S HEALTH CENTER,SSM MEDICAL GROUP
SSMHC,SSM MEDICAL GROUP
SSMHEALTH CARE,SSM MEDICAL GROUP
SSMIHT,SSM MEDICAL GROUP
SSM-STLOUIS,SSM MEDICAL GROUP
ST LOUIS CC.,ST. LOUIS COMMUNITY COLLEGE
ST LOUIS CHILDRENS HOSPITAL,ST. LOUIS CHILDREN'S HOSPITAL
ST LOUIS CHILDREN'S HOSPITAL,ST. LOUIS CHILDREN'S HOSPITAL
ST LOUIS COMMUNITY COLLEGE,ST. LOUIS COMMUNITY COLLEGE
ST LOUIS COMMUNITY COLLEGE-WILDWOOD,ST. LOUIS COMMUNITY COLLEGE
ST LOUIS PUB SCH,ST. LOUIS PUBLIC SCHOOLS
ST LOUIS PUB SCHOOLS,ST. LOUIS PUBLIC SCHOOLS
ST LOUIS PUB SCLS,ST. LOUIS PUBLIC SCHOOLS
ST LOUIS PUBLIC SCHOOLS,ST. LOUIS PUBLIC SCHOOLS
ST LOUIS UNIV,SAINT LOUIS UNIVERSITY
ST LOUIS UNIVERSITY HOSPITAL,SAINT LOUIS UNIVERSITY
ST LOUIS UNIVERSITY SCHOOL OF MEDICINE,SAINT LOUIS UNIVERSITY
ST. LOUIS CHILDRENS HOSPITAL,ST. LOUIS CHILDREN'S HOSPITAL
ST. LOUIS COMMUNITY COLLE,ST. LOUIS COMMUNITY COLLEGE
ST. LOUIS PUB SCHOOLS,ST. LOUIS PUBLIC SCHOOLS
ST. LOUIS U,SAINT LOUIS UNIVERSITY
ST. LOUIS UNIVERSITY HIGH,SAINT LOUIS UNIVERSITY
ST. LOUIS UNIVERSITY HIGH SCHOOL,SAINT LOUIS UNIVERSITY
ST. LOUIS UNIVERSITY HOSPITAL,SAINT LOUIS UNIVERSITY
STATE OF MD,STATE OF MISSOURI
STATE OF MISSOURI DEPT. OF LABOR DIV,STATE OF MISSOURI
STATE OF MISSOURI HEALTH DEP.,STATE OF MISSOURI
STATE OF MISSOURI OFFICE OF ADMINISTRA,STATE OF MISSOURI
STATE OF MO,STATE OF MISSOURI
THE BOEING,BOEING
THE BOEING CO,BOEING
THE BOEING CO.,BOEING
THE BOEING COMPANY,BOEING
THE BOEING COMPNAY,BOEING
THE BOEING. CO.,BOEING
THOMPON CORBURN,THOMPSON COBURN LLP
THOMPSON & THOMPSON CPA PC,THOMPSON COBURN LLP
THOMPSON COBULN LLP,THOMPSON COBURN LLP
THOMPSON COBUN LLP,THOMPSON COBURN LLP
THOMPSON COBURN,THOMPSON COBURN LLP
THOMPSON COBURN L.L.P.,THOMPSON COBURN LLP
"THOMPSON COBURN, LLP",THOMPSON COBURN LLP
THOMSON-REUTERS,THOMSON REUTERS
TRUMAN STATE UNIVERISTY,TRUMAN STATE UNIVERSITY
TRUMAN STATE UNIVERSITY PRESS,TRUMAN STATE UNIVERSITY
TRUMAN. STATE UNIVERSITY,TRUMAN STATE UNIVERSITY
ST. LOUIS UNIVERSITY,SAINT LOUIS UNIVERSITY
U OF MD,UNIVERSITY OF MISSOURI
U OF MISSOURI,UNIVERSITY OF MISSOURI
U OF MISSOURI-COLUMBIA,UNIVERSITY OF MISSOURI
U OF MISSOURI-ST. LOUIS,SAINT LOUIS UNIVERSITY
U OF MO,UNIVERSITY OF MISSOURI
UNIVERSITY OF MISSOURI,MISSOURI STATE UNIVERSITY
U. MISSOURI,UNIVERSITY OF MISSOURI
U. OF MISSOURI,UNIVERSITY OF MISSOURI
U. OF MISSOURI-ST. LOUIS,UNIVERSITY OF MISSOURI
UNIVERSITY OF MISSOUR,UNIVERSITY OF MISSOURI
UNIVERSITY OF MISSOURI - COLUMBIA,UNIVERSITY OF MISSOURI
UNIVERSITY OF MISSOURI - KANSAS CITY,UNIVERSITY OF MISSOURI
UNIVERSITY OF MISSOURI  ROLLA,UNIVERSITY OF MISSOURI
UNIVERSITY OF MISSOURI - ROLLA,UNIVERSITY OF MISSOURI
UNIVERSITY OF MISSOURI -- ROLLA,UNIVERSITY OF MISSOURI
UNIVERSITY OF MISSOURI  SAINT LOUIS,UNIVERSITY OF MISSOURI
UNIVERSITY OF MISSOURI - SAINT LOUIS,UNIVERSITY OF MISSOURI
UNIVERSITY OF MISSOURI -- SAINT LOUIS,UNIVERSITY OF MISSOURI
UNIVERSITY OF MISSOURI - ST. LOUIS,UNIVERSITY OF MISSOURI
UNIVERSITY OF MISSOURI AT COLUMBIA,UNIVERSITY OF MISSOURI
UNIVERSITY OF MISSOURI AT KANSAS CITY,UNIVERSITY OF MISSOURI
UNIVERSITY OF MISSOURI AT SAINT LOUIS,UNIVERSITY OF MISSOURI
UNIVERSITY OF MISSOURI AT ST LOUIS,UNIVERSITY OF MISSOURI
UNIVERSITY OF MISSOURI COLUMBIA,UNIVERSITY OF MISSOURI
UNIVERSITY OF MISSOURI EXTENSION,UNIVERSITY OF MISSOURI
UNIVERSITY OF MISSOURI HEALTH CARE,UNIVERSITY OF MISSOURI
UNIVERSITY OF MISSOURI HEALTH SCIENCE,UNIVERSITY OF MISSOURI
UNIVERSITY OF MISSOURI HEALTHCARE,UNIVERSITY OF MISSOURI
UNIVERSITY OF MISSOURI KANSAS CITY,UNIVERSITY OF MISSOURI
UNIVERSITY OF MISSOURI MEDCIAL CENTER,UNIVERSITY OF MISSOURI
UNIVERSITY OF MISSOURI SCHOOL OF MEDIC,UNIVERSITY OF MISSOURI
UNIVERSITY OF MISSOURI SISLT,UNIVERSITY OF MISSOURI
UNIVERSITY OF MISSOURI ST LOUIS,UNIVERSITY OF MISSOURI
UNIVERSITY OF MISSOURI ST.,UNIVERSITY OF MISSOURI
UNIVERSITY OF MISSOURI ST. LOUIS,UNIVERSITY OF MISSOURI
UNIVERSITY OF MISSOURI SYSTEM,UNIVERSITY OF MISSOURI
UNIVERSITY OF MISSOURI WOMENS/CHILDREN,UNIVERSITY OF MISSOURI
"UNIVERSITY OF MISSOURI, COLUMBIA",UNIVERSITY OF MISSOURI
UNIVERSITY OF MISSOURI-COLUMBIA,UNIVERSITY OF MISSOURI
UNIVERSITY OF MISSOURI-KANSAS CITY,UNIVERSITY OF MISSOURI
UNIVERSITY OF MISSOURI--KANSAS CITY,UNIVERSITY OF MISSOURI
UNIVERSITY OF MISSOURI-ST. LOUIS,UNIVERSITY OF MISSOURI
UNIVERSITY OF MO,UNIVERSITY OF MISSOURI
UNIVERSITY OF MO HEALTH SYS,UNIVERSITY OF MISSOURI
UNIVERSITY OF MO. HEALTH SYS.,UNIVERSITY OF MISSOURI
WALMART,WAL-MART
WALMART DISTRIBUTION,WAL-MART
WALMART STORES,WAL-MART
WAL-MART STORES INC.,WAL-MART
WASHINGTON U,WASHINGTON UNIVERSITY
WASHINGTON U ST LOUI,WASHINGTON UNIVERSITY
WASHINGTON U.,WASHINGTON UNIVERSITY
WASHINGTON U. SCHOOL OF MEDICINE,WASHINGTON UNIVERSITY
WASHINGTON UNI,WASHINGTON UNIVERSITY
WASHINGTON UNI.,WASHINGTON UNIVERSITY
WASHINGTON UNIV,WASHINGTON UNIVERSITY
WASHINGTON UNIV IN ST. LO,WASHINGTON UNIVERSITY
WASHINGTON UNIV IN ST.LOUIS,WASHINGTON UNIVERSITY
WASHINGTON UNIV SCH OF MED,WASHINGTON UNIVERSITY
WASHINGTON UNIV. IN ST. LOUIS,WASHINGTON UNIVERSITY
WASHINGTON UNIV. IN ST.LOUIS,WASHINGTON UNIVERSITY
WASHINGTON UNIV. IN STL,WASHINGTON UNIVERSITY
WASHINGTON UNIV. SCH. MEDICINE,WASHINGTON UNIVERSITY
WASHINGTON UNIV. SCHL OF MEDICINE,WASHINGTON UNIVERSITY
WASHINGTON UNIV. SCHOOL OF MEDICINE,WASHINGTON UNIVERSITY
WASHINGTON UNIV. ST L,WASHINGTON UNIVERSITY
WASHINGTON UNIV. ST. L.,WASHINGTON UNIVERSITY
WASHINGTON UNIVERISTY SCHOOL OF MEDICI,WASHINGTON UNIVERSITY
WASHINGTON UNIVERSIT,WASHINGTON UNIVERSITY
WASHINGTON UNIVERSITY IN S.T. LOUIS  S,WASHINGTON UNIVERSITY
WASHINGTON UNIVERSITY IN SAINT LOUI,WASHINGTON UNIVERSITY
WASHINGTON UNIVERSITY IN ST LOUIS,WASHINGTON UNIVERSITY
WASHINGTON UNIVERSITY IN ST LOUIS SCHO,WASHINGTON UNIVERSITY
WASHINGTON UNIVERSITY IN ST. LOUIS,WASHINGTON UNIVERSITY
WASHINGTON UNIVERSITY IN ST. LOUIS SCH,WASHINGTON UNIVERSITY
WASHINGTON UNIVERSITY IN ST. LOUISS,WASHINGTON UNIVERSITY
WASHINGTON UNIVERSITY MEDICAL SCHOOL,WASHINGTON UNIVERSITY
WASHINGTON UNIVERSITY MEDICINE,WASHINGTON UNIVERSITY
WASHINGTON UNIVERSITY NURSERY SCHOOL,WASHINGTON UNIVERSITY
WASHINGTON UNIVERSITY SAINT LOUIS,WASHINGTON UNIVERSITY
WASHINGTON UNIVERSITY SCHOOL OF LAW,WASHINGTON UNIVERSITY
WASHINGTON UNIVERSITY SCHOOL OF MEDI,WASHINGTON UNIVERSITY
WASHINGTON UNIVERSITY SCHOOL OF MEDICI,WASHINGTON UNIVERSITY
WASHINGTON UNIVERSITY STL,WASHINGTON UNIVERSITY
"WASHINGTON UNIVERSITY, ST. LOUIS",WASHINGTON UNIVERSITY
WASHINGTON UNVIERSITY,WASHINGTON UNIVERSITY
WASHINTON UNIVERSITY SCHOOL OF MEDICIN,WASHINGTON UNIVERSITY
WEBSTER UNIV.,WEBSTER UNIVERSITY
WELLS FARGO ADVISOR,WELLS FARGO
WELLS FARGO ADVISORS,WELLS FARGO
WELLS FARGO ADVISORS INC,WELLS FARGO
"WELLS FARGO ADVISORS, LLC",WELLS FARGO
WELLS FARGO HOME MORTGAGE,WELLS FARGO
WELLS-FARGO,WELLS FARGO
